title,label
Finance Planning - Q1,planning
Horizon Design Review,workshop
Weekly Company Meeting,all_hands
EduBase x DevOps Sync,client
RetailCo Monthly Review,client
Dev Standup - 2024-02-09,standup
Helix v2 Planning,planning
[Interview] Kevin Davis - Eng,interview
BrightEdge Partnership Discussion,client
Data Deep Dive - Beta,workshop
Design Social,social
Frontend DSU Jan 17,standup
Legal Town Hall Q4,all_hands
Wendy / Rachel,one_on_one
L&L: Q4,workshop
[Social] Security Meetup,social
Hiring: Alice Anderson (Lead),interview
Ivan Phone Screen,interview
Coffee: Rachel & Priya,social
Ops Town Hall - Q2 2025,all_hands
Taylor - Onsite,interview
Daily Frontend Check-in,standup
BrightEdge x Marketing Sync,client
Sync: Jordan / Kevin,one_on_one
[Horizon] Sprint Planning,planning
Zephyr Strategy Session,planning
OKR Launch All Hands,all_hands
DevOps DSU 04/07,standup
Work Anniversary,social
Debrief: Wendy SWE Interview,interview
Team Offsite,workshop
Legal Town Hall Q2,all_hands
Annual Engineering Offsite,workshop
Bob x Victor,one_on_one
Team Standup,standup
Debrief: Jordan PM Interview,interview
Zephyr Sprint Sync,standup
EduBase x Security Sync,client
Data Sprint Planning,planning
Sales / Product Standup,standup
ML Paint Night,social
Company All Hands - Q1,all_hands
RetailCo Beta Update,client
Weekly 1:1 Ivan,one_on_one
Sales / DevOps Standup,standup
Q2 Planning,planning
Account DataBridge Call,client
OpenPath Demo,client
Sync: Kevin / Quinn,one_on_one
Weekly 1:1 Nina,one_on_one
Growth Bowling,social
Tara <> Morgan,one_on_one
Quinn <> Nina,one_on_one
Legal Social Nov 29,social
[Social] Product Meetup,social
Team Standup - Q4,standup
HR OKR Review,planning
GlobalTech Alpha Update,client
Platform OKR Check-in,planning
1-1: Riley & Carlos,one_on_one
DataBridge POC Update,client
Sam - Bar Raiser,interview
Infra Paint Night,social
Security All-Hands (2024-09-25),all_hands
Data standup (Feb 13),standup
Company All Hands - W41,all_hands
SkyLine Apex Update,client
HM Interview: Yusuf,interview
Julia Anderson <> Jordan Taylor,one_on_one
2024 Hackathon,workshop
Coffee: Priya & Xiang,social
EduBase Weekly Sync,client
Diana Lee | Final Round,interview
Echo Sprint Daily,standup
[1:1] Yusuf - Alice,one_on_one
Nexus Hackathon,workshop
Nova Strategy Session,planning
1:1 Priya / Diana,one_on_one
Alex Martinez - Interview,interview
Annual QA Offsite,workshop
Backend Town Hall - Q3 2025,all_hands
Zephyr Kickoff,planning
Daily Legal Standup,standup
Hiring: Casey Johnson (Staff),interview
BrightEdge x DevOps Sync,client
Ops Interview: Ivan,interview
HealthFirst Renewal Discussion,client
Weekly Frontend Planning,planning
Fatima 1:1,one_on_one
Coffee: Casey & Rachel,social
HR Offsite,workshop
Nexus v2 Planning,planning
Weekly Catch-up,one_on_one
Echo Scrum,standup
HR Offsite 07/19,workshop
Sales Sprint Kickoff,planning
R&D Architecture Review,workshop
[Client] FinServ Review,client
[Workshop] DevOps x Product,workshop
NetCore — Product Review,client
Infra Interview: Victor,interview
Casey Coding Interview,interview
QA standup (May 22),standup
Product Offsite,workshop
GlobalTech — Technical Review,client
Q1 Milestone Planning,planning
Security OKR Planning,planning
1:1 Yusuf / Julia,one_on_one
OKR Sprint Daily,standup
Product Backlog Grooming,planning
Weekly 1:1 Alex,one_on_one
GlobalTech Sync,client
Interview: Quinn - Round 2,interview
Uma Kim | Round 2,interview
1:1 Alex / Marcus,one_on_one
GlobalTech Kickoff,client
ML Interview: Riley Thomas,interview
Security Town Hall - Q4 2024,all_hands
Q3 OKR Review,planning
Hiring: Ivan Patel (PM),interview
Uma System Design,interview
[1:1] Taylor - Julia,one_on_one
Victor & Morgan,one_on_one
2024 Launch All Hands,all_hands
[1:1] Riley - Ivan,one_on_one
External: DataBridge Sync,client
Victor Garcia | Round 1,interview
Nova v2 Planning,planning
Q3 Planning,planning
Legal All-Hands (W08),all_hands
RetailCo Weekly Sync,client
Horizon Scrum 12/07,standup
Sam Brown <> Hannah Brown,one_on_one
Sales Brainstorm: Forge,workshop
Julia <> Wendy (W02),one_on_one
[1:1] Quinn - Yusuf,one_on_one
[All Hands] Mar 19,all_hands
Hiring Manager Interview: Kevin,interview
CloudNine Kickoff,client
[Interview] Laura Lee - Eng,interview
[Workshop] DevOps x DevOps,workshop
v2 Daily Standup,standup
Weekly: Quinn / Casey,one_on_one
Riley Check-in,one_on_one
Data Team Outing,social
Sync: Yusuf / Jordan,one_on_one
Debrief: Bob SWE Interview,interview
ML DSU,standup
ML Interview: Hannah Davis,interview
ML Interview: Xiang Brown,interview
Sam Anderson (SkyLine) Call,client
Hiring: George Kim (Staff),interview
Alice Behavioral Interview,interview
Weekly: Bob / Taylor,one_on_one
[Social] Product Hangout,social
Dev Standup - 11/25,standup
R&D Milestone Check,planning
Marketing Interview: Ivan Moore,interview
FinServ Sync,client
BrightEdge Partnership Call,client
Weekly 1:1 George,one_on_one
EOD Eng Check-in,standup
Design Deep Dive - Titan,workshop
Data / Data Standup,standup
EduBase Demo,client
Ops Town Hall,all_hands
GlobalTech POC Kickoff,client
Design Social 03/01,social
[Social] Engineering Gathering,social
Diana Lee <> George Johnson,one_on_one
Account Review,client
HM Interview: Xiang,interview
Beta Strategy Session,planning
DataBridge Partnership Review,client
Platform Planning - 05/28,planning
Atlas Kickoff,planning
Growth Roadmap Mar 16,planning
[All Hands] 2024-03-10,all_hands
Diana <> Yusuf,one_on_one
Pulse Milestone Review,planning
Product Social 2024-07-16,social
CloudNine Onboarding 08/13,client
PI Planning - Q1,planning
1-1: Uma & Morgan,one_on_one
Hiring: Ivan Moore (DS),interview
Virtual Lunch,social
Frontend Working Session,workshop
Growth Brainstorm: v3,workshop
Tara <> Nina,one_on_one
ML Roadmap 06/04,planning
Zoe Wilson (HealthFirst) Call,client
NetCore Weekly Sync,client
[Pulse] Sprint Planning,planning
[Workshop] Backend x Finance,workshop
Platform standup (Q3),standup
Weekly Finance Planning,planning
Catch up: Sam & Riley,one_on_one
Nexus Launch All Hands,all_hands
ML Social,social
Coffee: George & Morgan,social
Marketing Stand-up,standup
OpenPath QBR,client
Frontend All Hands,all_hands
1on1 - Alex,one_on_one
Platform Sprint Retro,planning
Legal Interview: Omar,interview
HealthFirst — Executive Review,client
Debrief: Wendy PM Interview,interview
Sales Town Hall Aug 31,all_hands
HR Offsite Q1,workshop
Growth All-Hands (2024-04-03),all_hands
QA / Ops Standup,standup
ML All-Hands (2024-10-08),all_hands
Daily Security Check-in,standup
v3 Daily Standup,standup
POC Design Sprint,workshop
FinServ Apex Update,client
Julia Taylor | Technical Round,interview
Retro Workshop,workshop
OKR Scrum,standup
L&L: Alpha,workshop
[Growth] Daily,standup
Interview: Victor - Round 2,interview
External: EduBase Sync,client
Infra Social 2024-09-09,social
SkyLine POC Update,client
FinServ Intro Call,client
Hannah Technical Screen,interview
External: FinServ Call,client
PI Planning - Pulse,planning
[Workshop] Sales x HR,workshop
Sales Volunteering,social
HR Town Hall - Q3 2024,all_hands
HM Interview: Taylor,interview
Fatima Martinez <> Yusuf Lee,one_on_one
Engineering OKR Planning,planning
Platform / Infra Standup,standup
[Q1] Sprint Planning,planning
Platform Town Hall - Q1 2024,all_hands
Eng All Hands - Q3,all_hands
Marketing standup (Aug 08),standup
Sales Interview: Tara Chen,interview
Zephyr Workshop,workshop
Headcount Planning,planning
Q4 Sprint Sync,standup
Dev Standup - W12,standup
Design Interview: Taylor,interview
Marketing Backlog Grooming,planning
Daily Marketing Standup,standup
1-1: Rachel & Rachel,one_on_one
Design All-Hands,all_hands
Kevin Wilson | Round 2,interview
Quarterly Sales Offsite,workshop
Wendy Wilson (BrightEdge) Call,client
Account FinServ Sync,client
[Client] RetailCo Sync,client
Hannah - Bar Raiser,interview
Sync: George / Fatima,one_on_one
1-1: Yusuf & Tara,one_on_one
L&L: Helix,workshop
Backend OKR Planning,planning
Nexus Strategy Session,planning
[1:1] Zoe - Yusuf,one_on_one
Marketing Planning,planning
Bob x Fatima,one_on_one
Nexus Scrum,standup
Marketing Sprint Kickoff,planning
Annual Finance Offsite,workshop
Interview: Julia - Round 2,interview
[Finance] Daily,standup
Sales Offsite,workshop
9am Sync,standup
[Platform] Daily,standup
Legal Daily,standup
Casey Behavioral Interview,interview
Sales Deep Dive,workshop
1:1 Bob / Riley,one_on_one
Weekly 1:1 Laura,one_on_one
Interview: Alice - Round 1,interview
[1:1] Marcus - Ivan,one_on_one
Q2 OKR Review,planning
Hannah Farewell Lunch,social
Sales Sprint Retro,planning
DevOps standup (Nov 13),standup
Customer NetCore Call,client
1:1 Nina / Bob,one_on_one
FinServ Echo Update,client
Platform Deep Dive - Q1,workshop
HealthFirst x DevOps Sync,client
Security OKR Check-in,planning
Sync: Marcus / Rachel,one_on_one
Sync: Uma / Yusuf,one_on_one
Engineering OKR Check-in,planning
Marcus - Take-home Review,interview
[Security] Daily,standup
George & George,one_on_one
Training: ML,workshop
Sales / Legal Standup,standup
2025 Architecture Review,workshop
Coffee: Taylor & Ethan,social
Eng standup (12/14),standup
SkyLine x Legal Sync,client
BrightEdge Partnership Review,client
OKR Sprint Sync,standup
Design Sync,standup
Titan Daily Standup,standup
Eng OKR Review,planning
Process Workshop - DevOps,workshop
1:1 Yusuf / Jordan,one_on_one
NetCore Call,client
[Q2] Sprint Planning,planning
[1:1] Xiang - Laura,one_on_one
Hannah Taylor - Interview,interview
Alex Garcia <> Morgan Johnson,one_on_one
2024 Sprint Daily,standup
Acme Q4 Update,client
Weekly Engineering Sync,standup
Fatima & Victor,one_on_one
Finance Deep Dive - Zephyr,workshop
FinServ Orion Update,client
Account SkyLine Sync,client
Finance standup (03/21),standup
Nina <> Julia (2024-10-01),one_on_one
POC Brainstorm,workshop
Yusuf Patel (FinServ) Call,client
Horizon v2 Planning,planning
Sync: Yusuf / Xiang,one_on_one
Weekly 1:1 Uma,one_on_one
1-1: Sam & Fatima,one_on_one
Legal Town Hall,all_hands
Candidate Debrief,interview
ML Town Hall - Q1 2024,all_hands
Platform DSU,standup
Priya / Carlos,one_on_one
BrightEdge QBR,client
Interview: Wendy - Technical,interview
Morgan Check-in,one_on_one
Legal Happy Hour,social
Finance Cooking Class,social
[Social] Ops Meetup,social
Rachel Behavioral Interview,interview
[Workshop] Legal x ML,workshop
L&L: Nova,workshop
RetailCo POC Review,client
[v3] Sprint Planning,planning
Infra Deep Dive,workshop
Jordan 1:1,one_on_one
RetailCo Discovery Call,client
Finance Working Session,workshop
Product Social,social
OpenPath x Frontend Sync,client
EduBase Partnership Discussion,client
Sync: Taylor / Riley,one_on_one
Interview: Uma - Technical,interview
Data Town Hall 11/09,all_hands
Forge Daily Standup,standup
Eng DSU,standup
Infra standup (Nov 27),standup
BrightEdge Check-in,client
Marketing Tea Time,social
Q3 Strategy Session,planning
Annual Growth Planning,planning
PM Interview: Rachel Johnson,interview
DevOps Planning,planning
Design Workshop - Platform,workshop
Data standup (W12),standup
ML Happy Hour,social
GlobalTech Check-in,client
[Legal] Daily,standup
Frontend Roadmap,planning
Q3 Goal Setting,planning
George Behavioral Interview,interview
Quinn Check-in,one_on_one
Nova Sprint Daily,standup
Weekly Design Check-in,standup
Marketing standup (W29),standup
1-1: Alice & Zoe,one_on_one
Recruiter Screen: Wendy,interview
Finance / Eng Standup,standup
Morgan Patel (BrightEdge) Call,client
DevOps Town Hall,all_hands
Data Sprint Kickoff,planning
DataBridge x Legal Sync,client
Security DSU 2024-08-13,standup
[1:1] Riley - Uma,one_on_one
Marketing Town Hall,all_hands
HR Sprint Planning,planning
Kevin / Jordan,one_on_one
Sales / Security Standup,standup
Hiring: Bob Anderson (Lead),interview
[Social] Backend Gathering,social
Client OpenPath Call,client
Account OpenPath Sync,client
Tara / Laura,one_on_one
Holiday Party,social
10am Standup,standup
1:1 Hannah / Alice,one_on_one
Catch up: Ivan & Kevin,one_on_one
Client CloudNine Sync,client
BrightEdge Onboarding,client
Vega Workshop,workshop
Nexus Sprint Sync,standup
Data Social May 25,social
1:1 Quinn / Uma,one_on_one
[Client] NetCore Review,client
Security Sprint Retro,planning
Q1 All Hands,all_hands
[All Hands] Q4,all_hands
Infra Social W16,social
Priya <> Bob (2024-07-14),one_on_one
Sync: Fatima / Uma,one_on_one
Morning Growth Sync,standup
2025 Milestone Check,planning
Postmortem,workshop
Debrief: Xiang SWE Interview,interview
1-1: Fatima & Bob,one_on_one
Riley Martinez Interview,interview
Strategy Workshop - Growth,workshop
POC v2 Planning,planning
EOD Check-in,standup
BrightEdge Meeting,client
Weekly: Ivan / Riley,one_on_one
Casey - Virtual Onsite,interview
NetCore Check-in,client
GlobalTech x ML Sync,client
GlobalTech — Product Review,client
1:1 Fatima / Priya,one_on_one
RetailCo Renewal Discussion,client
Stand-up,standup
Carlos - Onsite,interview
Data Workshop,workshop
Alex <> Bob,one_on_one
Titan v2 Planning,planning
Trivia Night,social
HR Town Hall,all_hands
Design standup (2024-11-16),standup
Sam & Bob,one_on_one
QA Social,social
Frontend All-Hands,all_hands
QA DSU,standup
L&L: Titan,workshop
Legal Brainstorm: Titan,workshop
Uma <> Yusuf (W45),one_on_one
Platform Social May 02,social
Ethan Johnson | Interview,interview
GlobalTech Pulse Update,client
Data Social 2024-03-25,social
Weekly HR Planning,planning
SkyLine Kickoff,client
Marketing Deep Dive - Q2,workshop
1on1 - Casey,one_on_one
Growth Stand Up,standup
Legal Strategy - 05/09,planning
Laura Martinez <> Victor Martinez,one_on_one
Legal DSU,standup
Design Roadmap,planning
BrightEdge x QA Sync,client
Annual ML Planning,planning
Resource Planning,planning
Sales All Hands - Mar 18,all_hands
[Workshop] Product x DevOps,workshop
Recruiter Screen: Rachel,interview
QA Deep Dive - Orion,workshop
R&D Milestone Review,planning
Nina Check-in,one_on_one
Ivan Martinez | Interview,interview
Data Town Hall - Q4 2024,all_hands
Marketing Roadmap Q4,planning
Sales Interview: Wendy Brown,interview
Frontend Brainstorm: Titan,workshop
1-1: Wendy & Omar,one_on_one
RetailCo — Technical Review,client
Kevin Behavioral Interview,interview
Hiring: Sam Brown (Staff),interview
Marketing Strategy - Jul 11,planning
Alpha Milestone Review,planning
Hiring: George Taylor (SWE),interview
Career Chat: Tara,one_on_one
OpenPath x Ops Sync,client
EOD Sync,standup
SkyLine Intro Call,client
Customer GlobalTech Call,client
Security Brainstorm: Alpha,workshop
1-1: Bob & Zoe,one_on_one
Acme x Legal Sync,client
Jordan x Ivan,one_on_one
2024 Daily Standup,standup
Finance All-Hands (Dec 23),all_hands
Finance Interview: Victor,interview
Finance / Design Standup,standup
1-1: Yusuf & Fatima,one_on_one
Career Chat: Victor,one_on_one
Q1 OKR Review,planning
Titan Roadmap,planning
Finance Offsite,workshop
Infra standup (Oct 28),standup
Morning Engineering Standup,standup
Monthly Ops Planning,planning
Frontend Deep Dive - Q3,workshop
1-1: Riley & Fatima,one_on_one
Sam System Design,interview
Frontend Town Hall,all_hands
Sales Roadmap Review,planning
Quarterly Security Offsite,workshop
[All Hands] 07/13,all_hands
[Interview] Rachel Lee - Product,interview
Zoe & Nina,one_on_one
SkyLine Demo,client
HR Town Hall - Q4 2024,all_hands
OKR Architecture Review,workshop
Quarterly Finance Offsite,workshop
Catch up: Ethan & Tara,one_on_one
Hiring: Bob Anderson (SWE),interview
Ethan Patel | Technical Round,interview
Backend / HR Standup,standup
HealthFirst Beta Update,client
ML / Design Standup,standup
Ops Offsite,workshop
Diana Taylor <> Casey Davis,one_on_one
ML Roadmap W12,planning
[Social] Growth Hangout,social
1:1 Bob / Laura,one_on_one
Monthly Legal Planning,planning
Data Social,social
Laura Behavioral Interview,interview
Victor x Tara,one_on_one
Team Coffee,social
Product DSU 01/25,standup
Julia Thomas (NetCore) Call,client
Omar / Ivan,one_on_one
[MVP] Sprint Planning,planning
[Client] BrightEdge Review,client
Annual Security Planning,planning
Security DSU,standup
Eng Daily Dec 03,standup
RCA Workshop,workshop
Platform All-Hands (07/13),all_hands
Water Cooler,social
External: RetailCo Call,client
Backend Sprint Retro,planning
Monthly 1:1,one_on_one
Hannah Moore | Round 2,interview
1:1 Nina / Nina,one_on_one
EOD Sales Check-in,standup
Sync: Bob / Victor,one_on_one
Design Brainstorm: Q1,workshop
Weekly 1:1 Diana,one_on_one
Eng Tea Time,social
NetCore x Legal Sync,client
HR DSU W45,standup
Ops Deep Dive - Atlas,workshop
H1 Goal Setting,planning
[Social] Infra Hangout,social
[1:1] Morgan - Alex,one_on_one
Titan Milestone Check,planning
Eng Standup - 2024-12-08,standup
Sync: Tara / Kevin,one_on_one
Nexus Milestone Check,planning
Bob / Julia,one_on_one
Weekly 1:1 Riley,one_on_one
Jordan Anderson | Technical Round,interview
PM Interview: Zoe Garcia,interview
Growth DSU,standup
Growth Social 04/04,social
DevOps Roadmap Review,planning
HR Interview: Bob,interview
Casey x Ivan,one_on_one
Q4 Daily Standup,standup
Marcus Farewell Party,social
DataBridge — Technical Review,client
Marketing Roadmap 04/30,planning
[Apex] Sprint Planning,planning
Coffee: Carlos & Riley,social
Marketing Sprint Retro,planning
Sync: Zoe / Diana,one_on_one
Debrief: Zoe PM Interview,interview
[Workshop] Data x Sales,workshop
Ops Deep Dive - Q1,workshop
Nexus Architecture Review,workshop
[Interview] Victor Lee - Data,interview
Zephyr Daily Standup,standup
Horizon Daily Standup,standup
[Interview] Bob Kim - Product,interview
Diana & Omar,one_on_one
Backend Daily W04,standup
Weekly 1:1 Yusuf,one_on_one
Acme v3 Update,client
ML Workshop,workshop
Monthly Town Hall,all_hands
Echo Milestone Check,planning
Hannah & Julia,one_on_one
Infra standup (Q3),standup
Helix Milestone Review,planning
HR Deep Dive - POC,workshop
Eng Roadmap W44,planning
Interview: Jordan - Final,interview
Sync: Quinn / George,one_on_one
QA OKR Planning,planning
Weekly Infra Planning,planning
Random Coffee,social
FinServ — Product Review,client
EOD ML Check-in,standup
Sales All Hands,all_hands
Data Town Hall 04/14,all_hands
Helix Design Review,workshop
Product All-Hands (Q3),all_hands
Backend standup (W43),standup
EOD Eng Sync,standup
QA Roadmap Review,planning
Tech Talk,workshop
1:1 Hannah / Xiang,one_on_one
Coffee: Rachel & Quinn,social
Scrum - Security,standup
Team Lunch,social
Hiring: Taylor Wilson (Staff),interview
Titan Scrum,standup
1:1 Priya / Sam,one_on_one
Design Workshop - Sales,workshop
External: HealthFirst Call,client
Morgan Coding Interview,interview
Annual DevOps Offsite,workshop
Bob x Priya,one_on_one
Casey x Ethan,one_on_one
Apex Scrum,standup
Career Chat: Rachel,one_on_one
Finance Deep Dive - Orion,workshop
Finance Social W04,social
Q1 Goal Setting,planning
Ops All-Hands (Q2),all_hands
L&L: Beta,workshop
Taylor x Bob,one_on_one
Ops Roadmap W13,planning
[Social] QA Hangout,social
CloudNine POC Update,client
1-1: Morgan & Carlos,one_on_one
OpenPath Sync,client
2025 Planning,planning
[Interview] Jordan Smith - Product,interview
Virtual Coffee,social
Strategy Workshop - Finance,workshop
Julia Behavioral Interview,interview
All Hands,all_hands
Marketing Brainstorm: Pulse,workshop
Backend Daily W37,standup
BrightEdge POC Review,client
Wendy / Alice,one_on_one
Sam Phone Screen,interview
[Interview] Nina Taylor - Data,interview
Acme Renewal Discussion,client
Product Offsite W49,workshop
Career Chat: Ethan,one_on_one
CloudNine — Executive Review,client
Platform Lunch,social
1on1 - Kevin,one_on_one
Security Strategy - Nov 29,planning
Acme POC Review,client
ML Brainstorm: Q1,workshop
Legal Offsite,workshop
[Social] QA Meetup,social
RetailCo Demo,client
OKR Design Sprint,workshop
Company All Hands,all_hands
Weekly DevOps Sync,standup
Taylor Farewell Party,social
Backend Town Hall,all_hands
Riley Lee <> Ethan Lee,one_on_one
Sprint Planning,planning
Backend Roadmap W45,planning
HealthFirst Monthly Review,client
1:1 Jordan / Jordan,one_on_one
Design Interview: Morgan,interview
1:1 Ethan / Alice,one_on_one
Acme Partnership Review,client
Annual Product Offsite,workshop
Wendy Wilson (Acme) Call,client
[All Hands] Dec 21,all_hands
ML Stand-up,standup
MVP Daily Standup,standup
ML standup (12/09),standup
EduBase Discovery Call,client
Growth Roadmap Q4,planning
Finance Coffee Chat,social
R&D Sprint Daily,standup
Marketing Strategy - Dec 19,planning
Rachel Chen - Interview,interview
Interview: Victor - Technical,interview
Engineering Company Meeting,all_hands
Wendy Farewell Drinks,social
Alex Davis <> Bob Thomas,one_on_one
QA Team Outing,social
All-Hands Meeting,all_hands
Alpha Scrum,standup
ML Town Hall - Q1 2025,all_hands
Infra standup (11/10),standup
EduBase POC Review,client
Weekly: Kevin / Riley,one_on_one
George Anderson (RetailCo) Call,client
Design / Legal Standup,standup
Acme Demo,client
Q2 Roadmap,planning
GlobalTech Demo,client
Weekly: Fatima / George,one_on_one
External: Acme Sync,client
Monthly All Hands,all_hands
Security Brainstorm: v3,workshop
Platform Brainstorm: 2024,workshop
Sync: Fatima / Morgan,one_on_one
Laura Smith <> Uma Wilson,one_on_one
NetCore Sync,client
Launch Planning,planning
Weekly Engineering Planning,planning
Helix Milestone Check,planning
ML All Hands,all_hands
[Design] Daily,standup
1-1: Nina & Marcus,one_on_one
Quinn - Bar Raiser,interview
HR Brainstorm: Titan,workshop
Security Roadmap Review,planning
Diana Check-in,one_on_one
Vega Milestone Check,planning
[Workshop] Design x DevOps,workshop
QA All-Hands (01/24),all_hands
[Echo] Sprint Planning,planning
Legal Town Hall - Q2 2025,all_hands
PM Interview: Julia Davis,interview
DevOps Celebration,social
Sync: Taylor / Fatima,one_on_one
George Anderson Interview,interview
v3 Kickoff,planning
Marcus Garcia | Final Round,interview
Coffee: Jordan & Alex,social
Diana & Jordan,one_on_one
External: BrightEdge Sync,client
Sales Town Hall Q3,all_hands
Bob Taylor | Round 1,interview
1:1 Uma / Hannah,one_on_one
Annual Security Offsite,workshop
DevOps / Backend Standup,standup
Eng Town Hall - Q3 2025,all_hands
Monthly Finance Planning,planning
Weekly Backend Sync,standup
Ops Coffee Chat,social
Nexus Design Review,workshop
Fatima & Yusuf,one_on_one
Helix Sprint Sync,standup
Pulse Roadmap,planning
Legal Strategy - Oct 02,planning
Ethan <> Alice,one_on_one
Sync: Riley / Morgan,one_on_one
Growth Sprint Planning,planning
Client RetailCo Sync,client
Daily Security Standup,standup
Ivan x Zoe,one_on_one
Interview: Fatima - Round 2,interview
Sync: Alice / Uma,one_on_one
Taylor & Alice,one_on_one
Annual All Hands,all_hands
Zoe & Rachel,one_on_one
Platform Roadmap,planning
Atlas Hackathon,workshop
Sam Farewell Lunch,social
Zephyr Launch All Hands,all_hands
Alex Farewell Drinks,social
Beta Workshop,workshop
[Client] HealthFirst Sync,client
Product Daily W21,standup
Fatima Chen (HealthFirst) Call,client
Eng Backlog Grooming,planning
DataBridge — Executive Review,client
QA standup (07/31),standup
Quarterly Eng Offsite,workshop
Helix Sprint Daily,standup
Casey <> Ivan,one_on_one
Beta v2 Planning,planning
HR Interview: Tara,interview
Phoenix Design Review,workshop
1-1: Alex & Riley,one_on_one
Product All Hands - Mar 24,all_hands
Frontend Volunteering,social
Skip-level 1:1,one_on_one
Catch up: Jordan & George,one_on_one
Laura / Rachel,one_on_one
Alpha Architecture Review,workshop
Coffee: Xiang & Carlos,social
Quarterly ML Offsite,workshop
Annual Data Offsite,workshop
NetCore QBR,client
L&L: Apex,workshop
Finance Town Hall - Q2 2025,all_hands
Alpha Brainstorm,workshop
Design standup (Q3),standup
QA Town Hall Nov 22,all_hands
Fatima Farewell Drinks,social
OpenPath Review,client
Nina - Virtual Onsite,interview
Hiring Manager Interview: Yusuf,interview
Victor Johnson (NetCore) Call,client
1:1 Marcus / Victor,one_on_one
Customer OpenPath Call,client
Growth Daily,standup
Recruiter Screen: Yusuf,interview
Annual Ops Offsite,workshop
Horizon Sprint Sync,standup
PI Planning - Nexus,planning
1-1: Laura & Jordan,one_on_one
Platform OKR Review,planning
Data Town Hall 2024-12-14,all_hands
CloudNine Renewal Discussion,client
HR Sync,standup
Echo Sprint Sync,standup
Finance Happy Hour,social
Morning Design Check-in,standup
Xiang Kim Interview,interview
Rachel / Ivan,one_on_one
[v2] Sprint Planning,planning
Data Daily,standup
Omar Wilson | Round 1,interview
Release Planning,planning
Acme Partnership Call,client
Design Daily Q2,standup
Ethan Wilson <> George Taylor,one_on_one
External: DataBridge Call,client
Laura - Onsite,interview
Beta Milestone Review,planning
BrightEdge Intro Call,client
Carlos Technical Screen,interview
Engineering Town Hall - Q4 2024,all_hands
Titan Brainstorm,workshop
[Q4] Sprint Planning,planning
Diana Brown | Round 1,interview
Recruiter Screen: Marcus,interview
Engineering standup (Q3),standup
Eng Brainstorm: Echo,workshop
[All Hands] 02/29,all_hands
Julia <> Hannah (Aug 17),one_on_one
PI Planning - v2,planning
Engineering Town Hall - Q2 2024,all_hands
Riley Coding Interview,interview
Alice Lee - Interview,interview
Annual Backend Planning,planning
Ops Social,social
External: CloudNine Call,client
George Moore <> Hannah Patel,one_on_one
Coffee: Taylor & Laura,social
Victor Phone Screen,interview
Backend Interview: Kevin,interview
Kevin - Take-home Review,interview
Growth Brainstorm: Nexus,workshop
Career Chat: Hannah,one_on_one
Architecture Workshop - Marketing,workshop
OKR Milestone Check,planning
Diana Farewell Drinks,social
Weekly: Laura / Sam,one_on_one
DataBridge x Eng Sync,client
2025 Design Sprint,workshop
Sync: Tara / Victor,one_on_one
Growth Interview: Sam,interview
Sales All-Hands,all_hands
Laura Check-in,one_on_one
Security Roadmap,planning
ML Town Hall,all_hands
Sync: Quinn / Kevin,one_on_one
Morgan Brown <> Quinn Patel,one_on_one
NetCore Kickoff,client
Career Chat: Omar,one_on_one
Catch up: Alex & Hannah,one_on_one
DevOps Town Hall Q4,all_hands
Laura x Xiang,one_on_one
[Workshop] Eng x Data,workshop
Data Interview: Yusuf,interview
v2 Sprint Daily,standup
[Sales] Daily,standup
Sam Coding Interview,interview
Catch up: Ivan & Yusuf,one_on_one
GlobalTech Intro Call,client
Monthly Frontend Planning,planning
[Social] HR Hangout,social
Casey Taylor (HealthFirst) Intro,client
1-1: Laura & Priya,one_on_one
Recruiter Screen: Ivan,interview
Engineering DSU 12/10,standup
Account NetCore Sync,client
Interview: Sam - Round 2,interview
Catch up: Marcus & Casey,one_on_one
Q3 Milestone Check,planning
Tara 1:1,one_on_one
[Workshop] Infra x QA,workshop
GlobalTech QBR,client
[POC] Sprint Planning,planning
Coffee: Kevin & Marcus,social
Platform Brainstorm: Nova,workshop
2025 Milestone Review,planning
ML Roadmap Mar 15,planning
Debrief: Marcus SWE Interview,interview
HR Offsite Dinner,social
SkyLine Partnership Review,client
Weekly: Laura / Xiang,one_on_one
[Client] HealthFirst Review,client
Ivan Farewell Lunch,social
[Social] Ops Hangout,social
[All Hands] Aug 10,all_hands
Team Dinner,social
Legal All-Hands (W01),all_hands
Weekly: Kevin / Victor,one_on_one
[Workshop] HR x Finance,workshop
QA Offsite,workshop
Engineering Volunteering,social
QA Social Q3,social
Security standup (Nov 16),standup
Security Offsite,workshop
Xiang Behavioral Interview,interview
Orion Scrum,standup
Annual Frontend Offsite,workshop
Hiring Manager Interview: Casey,interview
Hiring Manager Interview: Sam,interview
CloudNine R&D Update,client
OpenPath OKR Update,client
Career Chat: Wendy,one_on_one
OKR Daily Standup,standup
Growth Offsite 2024-12-09,workshop
DevOps Daily,standup
BrightEdge Demo,client
Finance All-Hands (Q3),all_hands
Weekly 1:1 Jordan,one_on_one
Eng Stand-up,standup
Victor - Virtual Onsite,interview
RetailCo Q3 Update,client
Q3 Kickoff,planning
Backend Stand-up,standup
Monthly Growth Planning,planning
QA Deep Dive - Pulse,workshop
BrightEdge Weekly Sync,client
[1:1] George - Hannah,one_on_one
Atlas Milestone Review,planning
1-1: Uma & Diana,one_on_one
DS Interview: Wendy Brown,interview
Alex <> Hannah (Jul 31),one_on_one
Weekly Design Sync,standup
Weekly: Diana / Diana,one_on_one
Sync: Rachel / George,one_on_one
Titan Workshop,workshop
HealthFirst Call,client
Architecture Workshop,workshop
Design Interview: Yusuf Johnson,interview
Backend Sync,standup
Full Team Sync,all_hands
PM Interview: Rachel Wilson,interview
Infra Offsite Dinner,social
Product Sprint Kickoff,planning
Riley Behavioral Interview,interview
1-1: Morgan & Taylor,one_on_one
HealthFirst Intro Call,client
Platform Working Session,workshop
2025 Milestone Planning,planning
Design Interview: Wendy Chen,interview
Interview: Nina - Onsite,interview
DataBridge Partnership Discussion,client
Growth Daily Q1,standup
Ops Town Hall Q2,all_hands
Zoe & Carlos,one_on_one
[OKR] Sprint Planning,planning
Sam 1:1,one_on_one
Acme Weekly Sync,client
Acme Helix Update,client
EduBase Quarterly Review,client
SkyLine v2 Update,client
Scrum - Ops,standup
Catch up: Alice & Fatima,one_on_one
Sync: Fatima / Quinn,one_on_one
Infra DSU,standup
Ops Volunteering,social
Legal / Marketing Standup,standup
Interview: Riley - Onsite,interview
Casey Chen - Interview,interview
Casey System Design,interview
POC Daily Standup,standup
Finance Town Hall - Q1 2025,all_hands
Finance All-Hands,all_hands
[Infra] Daily,standup
[Client] SkyLine Call,client
Q2 Goal Setting,planning
Marcus Coding Interview,interview
[1:1] Diana - Julia,one_on_one
DevOps OKR Review,planning
Q1 Launch All Hands,all_hands
Security OKR Review,planning
Julia Coding Interview,interview
[Interview] Morgan Garcia - Eng,interview
QA Working Session,workshop
Recruiter Screen: Xiang,interview
Catch up: Xiang & Tara,one_on_one
Weekly 1:1 Omar,one_on_one
Ops Strategy - May 07,planning
Client HealthFirst Sync,client
Kevin / Ethan,one_on_one
2025 Goal Setting,planning
SkyLine Nova Update,client
1-1: Nina & Omar,one_on_one
Growth Workshop,workshop
[Client] OpenPath Sync,client
1-1: Omar & Carlos,one_on_one
Customer SkyLine Sync,client
Titan Hackathon,workshop
NetCore Sales Call,client
Growth Town Hall - Q4 2024,all_hands
Morgan Smith | Technical Round,interview
Helix Planning,planning
HM Interview: Ethan,interview
Design Interview: Victor Anderson,interview
[Interview] Zoe Brown - Data,interview
[Client] EduBase Sync,client
GlobalTech Partnership Discussion,client
2025 OKR Review,planning
Nova Design Sprint,workshop
Uma 1:1,one_on_one
Data Interview: Omar,interview
Platform All-Hands (Oct 13),all_hands
[1:1] Uma - Ivan,one_on_one
QA Standup,standup
L&L: OKR,workshop
Virtual Happy Hour,social
Eng All Hands,all_hands
Carlos <> Marcus,one_on_one
Pulse Brainstorm,workshop
Data Bowling,social
Catch up: Rachel & Alex,one_on_one
MVP Roadmap,planning
PI Planning - Q4,planning
Orion Sprint Sync,standup
Morgan Kim | Round 2,interview
Infra / HR Standup,standup
Weekly Finance Standup,standup
RetailCo Onboarding Sep 06,client
Recruiter Screen: Sam,interview
R&D Roadmap,planning
OKR v2 Planning,planning
Design OKR Planning,planning
Alice x Ivan,one_on_one
[Workshop] Sales x Marketing,workshop
1on1 - Julia,one_on_one
Atlas Workshop,workshop
Eng Standup - 02/26,standup
OpenPath Renewal Discussion,client
v3 Design Review,workshop
Backend Interview: Casey,interview
Carlos Garcia (FinServ) Intro,client
Career Chat: Alex,one_on_one
BrightEdge — Technical Review,client
SkyLine Renewal Discussion,client
Horizon Milestone Planning,planning
Hiring Manager Interview: Julia,interview
Client NetCore Sync,client
Quarterly Ops Offsite,workshop
Marketing Planning - Feb 04,planning
Marcus <> Bob (12/12),one_on_one
Legal Strategy - 01/29,planning
Weekly Marketing Planning,planning
Weekly: Jordan / Taylor,one_on_one
Client NetCore Call,client
Standup,standup
Finance Daily,standup
Echo Brainstorm,workshop
Coffee: Taylor & Victor,social
Recruiter Screen: Alex,interview
Security Offsite Jan 15,workshop
BrightEdge x Engineering Sync,client
[Social] Legal Meetup,social
Interview: Riley - Final,interview
Kevin Farewell Drinks,social
SkyLine Review,client
[Interview] Uma Thomas - Product,interview
Zoe <> Victor,one_on_one
DevOps / Infra Standup,standup
Data Interview: Carlos,interview
BrightEdge Sales Call,client
Q1 Design Review,workshop
SkyLine — Technical Review,client
1-1: Diana & George,one_on_one
Rachel / Omar,one_on_one
Recruiter Screen: Hannah,interview
PI Planning - Atlas,planning
Security Social,social
L&L: Forge,workshop
Diana Taylor <> Omar Wilson,one_on_one
Coffee: Ethan & Zoe,social
DS Interview: Bob Garcia,interview
Daily HR Sync,standup
Q4 Goal Setting,planning
Q4 Scrum 2024-05-16,standup
Catch up: Nina & Marcus,one_on_one
Debrief: Casey PM Interview,interview
[Orion] Sprint Planning,planning
Executive All Hands,all_hands
Scrum - Finance,standup
Julia Check-in,one_on_one
Sales Social,social
Infra / Ops Standup,standup
Echo Strategy Session,planning
Recruiter Screen: Carlos,interview
L&L: Vega,workshop
MVP Kickoff,planning
Backend Lunch,social
Product DSU,standup
HR Interview: Ethan,interview
HealthFirst Review,client
FinServ Onboarding,client
Frontend Company Meeting,all_hands
[Phoenix] Sprint Planning,planning
Daily QA Standup,standup
Atlas Milestone Check,planning
Welcome Lunch,social
Design Strategy - 2024-05-01,planning
R&D Launch All Hands,all_hands
Marketing Deep Dive - OKR,workshop
Sales Planning - W30,planning
[1:1] Fatima - Sam,one_on_one
Growth Interview: Laura,interview
Sales Deep Dive - v2,workshop
[Workshop] Platform x QA,workshop
H2 Planning,planning
External: NetCore Sync,client
Weekly: Diana / Yusuf,one_on_one
Infra Stand Up,standup
L&L: Orion,workshop
DevOps Brainstorm: Alpha,workshop
Eng Standup - 12/25,standup
Annual Finance Planning,planning
ML / Growth Standup,standup
GlobalTech Meeting,client
1:1 Priya / Julia,one_on_one
CloudNine Discovery Call,client
Monthly Company Sync,all_hands
EOD Frontend Standup,standup
Beta Sprint Daily,standup
Dev Standup - Q2,standup
Design standup (W05),standup
Omar Johnson <> Marcus Lee,one_on_one
OpenPath — Executive Review,client
Yusuf <> Jordan,one_on_one
Sales Lunch,social
[Interview] Riley Smith - Product,interview
Interview: Morgan - Onsite,interview
DS Interview: Julia Taylor,interview
Yusuf - Take-home Review,interview
Client DataBridge Sync,client
Sales Interview: Morgan Anderson,interview
Growth Offsite,workshop
Hannah 1:1,one_on_one
Growth Strategy - 2024-07-16,planning
Hiring: Morgan Patel (Senior),interview
Legal Standup,standup
Ivan 1:1,one_on_one
Alex Check-in,one_on_one
Priya Check-in,one_on_one
Data Volunteering,social
Ops DSU 10/15,standup
Infra OKR Review,planning
Hiring: Wendy Chen (DS),interview
Legal / Growth Standup,standup
ML Roadmap,planning
Product All-Hands (01/26),all_hands
Scrum,standup
Q1 Architecture Review,workshop
Platform Brainstorm: R&D,workshop
Fatima Behavioral Interview,interview
QA Sprint Planning,planning
Taylor Moore <> Alice Taylor,one_on_one
SkyLine Beta Update,client
Infra DSU Q3,standup
Ethan - Virtual Onsite,interview
Product All Hands - 09/27,all_hands
DevOps Roadmap,planning
Xiang / Alice,one_on_one
Marcus <> Zoe (05/31),one_on_one
ML Interview: Fatima,interview
[1:1] Rachel - Ethan,one_on_one
Hiring: Casey Moore (DS),interview
Career Chat: Yusuf,one_on_one
Legal Sprint Planning,planning
ML OKR Review,planning
Coffee: Victor & Yusuf,social
GlobalTech Q1 Update,client
Fatima Technical Screen,interview
Design standup (2024-08-20),standup
Casey <> Alice (Q2),one_on_one
Leadership Town Hall,all_hands
Legal Offsite Dinner,social
Design Cooking Class,social
Security Celebration,social
Backlog Grooming,planning
Hiring: Carlos Johnson (DS),interview
Platform Brainstorm: 2025,workshop
Scrum - Backend,standup
HM Interview: Alice,interview
George & Alice,one_on_one
Weekly: Casey / Diana,one_on_one
v3 Architecture Review,workshop
Catch up: Diana & Carlos,one_on_one
Marketing Deep Dive - 2024,workshop
Design Daily,standup
HealthFirst QBR,client
Offer Review,interview
Eng Social,social
Marcus / Victor,one_on_one
[QA] Daily,standup
Donut Chat,social
Engineering Brainstorm: Apex,workshop
EduBase Intro Call,client
Omar & Wendy,one_on_one
Legal Volunteering,social
Nina Farewell Party,social
Victor Check-in,one_on_one
H1 OKR Review,planning
HR Happy Hour,social
DataBridge R&D Update,client
Infra Daily Q3,standup
DevOps Planning - 2024-03-05,planning
Vega Planning,planning
Titan Architecture Review,workshop
Client SkyLine Sync,client
[Interview] Alice Anderson - Data,interview
Echo v2 Planning,planning
Security Daily Oct 25,standup
Sam Martinez (RetailCo) Intro,client
Sales Sprint Planning,planning
[1:1] George - Priya,one_on_one
Q1 Sprint Sync,standup
Sync: Ivan / Rachel,one_on_one
Frontend Interview: Rachel,interview
Company All Hands - 03/21,all_hands
CloudNine Onboarding,client
Omar Behavioral Interview,interview
Sales Stand Up,standup
Xiang & Kevin,one_on_one
[Client] OpenPath Call,client
Orion Sprint Daily,standup
Ops Bowling,social
Vega Scrum,standup
v3 Milestone Check,planning
Hiring: Jordan Taylor (DS),interview
External: Acme Call,client
Growth Sprint Retro,planning
1on1 - Marcus,one_on_one
Product Celebration,social
Diana Kim Interview,interview
2025 Kickoff,planning
Q4 All Hands,all_hands
Interview: Wendy - Round 1,interview
Career Chat: Bob,one_on_one
POC Design Review,workshop
H1 Planning,planning
Q2 Scrum W29,standup
Yusuf System Design,interview
[Workshop] Product x Data,workshop
NetCore Partnership Call,client
[Workshop] Frontend x Sales,workshop
Frontend Interview: Kevin,interview
Sales Interview: Hannah Johnson,interview
Horizon Sprint Daily,standup
DataBridge Demo,client
Product Offsite Dinner,social
Morning Sync,standup
DataBridge Renewal Discussion,client
HealthFirst x Engineering Sync,client
Sales OKR Planning,planning
Legal All-Hands (11/28),all_hands
[Workshop] Frontend x Eng,workshop
[Workshop] Frontend x Data,workshop
Zephyr Milestone Review,planning
HR / Frontend Standup,standup
PI Planning - Echo,planning
Echo Scrum Jul 22,standup
Coffee: Nina & Priya,social
Legal Stand-up,standup
[All Hands] W02,all_hands
Sync: Omar / Kevin,one_on_one
Process Workshop,workshop
Hiring Manager Interview: Carlos,interview
Team Games,social
Q4 Milestone Review,planning
OpenPath Beta Update,client
Hiring: Xiang Garcia (PM),interview
Forge Milestone Planning,planning
Monthly Engineering Planning,planning
HM Interview: Nina,interview
Morgan <> Rachel,one_on_one
Zoe / Tara,one_on_one
Weekly: Zoe / Uma,one_on_one
L&L: MVP,workshop
Frontend Bowling,social
Sync: Uma / Kevin,one_on_one
NetCore POC Kickoff,client
QA OKR Check-in,planning
Weekly 1:1 Fatima,one_on_one
QA Daily,standup
2025 v2 Planning,planning
OpenPath Meeting,client
Laura Moore Interview,interview
Infra Deep Dive - Forge,workshop
Marcus Behavioral Interview,interview
H2 Goal Setting,planning
HealthFirst — Technical Review,client
[Workshop] Security x Design,workshop
Legal Working Session,workshop
Hiring: Yusuf Brown (SWE),interview
George Chen (EduBase) Intro,client
Alex x Morgan,one_on_one
Peer Connect,social
EduBase x Growth Sync,client
Interview: Uma - Onsite,interview
PM Interview: Jordan Anderson,interview
Career Chat: Julia,one_on_one
Team Breakfast,social
Julia x George,one_on_one
Casey <> Wendy (08/31),one_on_one
Zoe Chen | Technical Round,interview
R&D Sprint Sync,standup
Growth All-Hands (Q4),all_hands
Acme Discovery Call,client
PI Planning - Q3,planning
Omar Moore (SkyLine) Intro,client
Eng Roadmap Review,planning
Farewell Lunch,social
Uma Thomas <> Sam Chen,one_on_one
HealthFirst POC Update,client
Growth standup (W33),standup
CloudNine Onboarding W30,client
HealthFirst x HR Sync,client
Catch up: Laura & Zoe,one_on_one
Account RetailCo Sync,client
Roadmap Review,planning
Interview: Sam - Round 1,interview
Team Standup - Q3,standup
[Workshop] Engineering x Infra,workshop
Titan Kickoff,planning
Marcus Technical Screen,interview
[Ops] Daily,standup
Pulse Scrum,standup
Nina Wilson | Interview,interview
Weekly Security Planning,planning
Ops DSU W33,standup
Escape Room,social
Weekly: Riley / Alex,one_on_one
Weekly 1:1 Rachel,one_on_one
Jordan Behavioral Interview,interview
Org Update,all_hands
1:1 Yusuf / Alex,one_on_one
Backend DSU,standup
Priya x Priya,one_on_one
Hiring Manager Interview: Victor,interview
v2 Design Review,workshop
DataBridge POC Review,client
Security All-Hands (Aug 24),all_hands
Annual Infra Planning,planning
EOD Ops Standup,standup
Annual Infra Offsite,workshop
Rachel Moore (DataBridge) Intro,client
Product Daily 2024-01-17,standup
New Hire Lunch,social
Debrief: Alice SWE Interview,interview
Hiring: Sam Davis (Staff),interview
Backlog Refinement,planning
Weekly 1:1 Ethan,one_on_one
Marcus Johnson Interview,interview
Acme Sales Call,client
FinServ Partnership Discussion,client
Monthly Company Meeting,all_hands
Coffee: Marcus & Xiang,social
CloudNine 2025 Update,client
Kevin <> Riley,one_on_one
Horizon Milestone Check,planning
Ops Town Hall - Q1 2025,all_hands
[All Hands] Jun 21,all_hands
Finance Strategy - W51,planning
NetCore x DevOps Sync,client
v3 Scrum,standup
Nina Farewell Lunch,social
OpenPath POC Kickoff,client
Wendy - Take-home Review,interview
[Social] Data Meetup,social
[Workshop] Frontend x DevOps,workshop
Backend / ML Standup,standup
Alice x Xiang,one_on_one
Orion Design Review,workshop
Product OKR Check-in,planning
Engineering Town Hall - Q4 2025,all_hands
[Interview] Wendy Thomas - Eng,interview
Eng Sprint Retro,planning
Ops OKR Review,planning
Nina Moore (Acme) Intro,client
Data Daily Q1,standup
Weekly: Yusuf / George,one_on_one
EduBase — Technical Review,client
Zephyr Hackathon,workshop
Horizon Milestone Review,planning
1:1 Yusuf / Ivan,one_on_one
NetCore Monthly Review,client
Product Roadmap,planning
SkyLine v3 Update,client
Finance Offsite Jun 23,workshop
Scrum - Marketing,standup
Q3 Roadmap,planning
Weekly: Priya / Kevin,one_on_one
Q4 Scrum,standup
Interview: Riley - Round 2,interview
Product standup (04/05),standup
MVP v2 Planning,planning
Weekly Backend Standup,standup
Product Interview: Riley,interview
Pulse Sprint Sync,standup
QA Interview: Sam,interview
Coffee: Julia & Zoe,social
Game Night,social
Training: AWS,workshop
Coffee: Nina & Alice,social
Kevin 1:1,one_on_one
Client RetailCo Call,client
Weekly 1:1 Wendy,one_on_one
RetailCo Onboarding,client
Laura - Bar Raiser,interview
Ethan Farewell Lunch,social
Frontend Celebration,social
NetCore — Executive Review,client
[Workshop] Frontend x QA,workshop
Quarterly HR Offsite,workshop
CloudNine Weekly Sync,client
Beta Sprint Sync,standup
1:1 Rachel / Tara,one_on_one
Coffee: Omar & Quinn,social
Vega Scrum 2024-01-13,standup
[All Hands] Q3,all_hands
[Workshop] Design x Design,workshop
MVP Milestone Review,planning
RetailCo x Infra Sync,client
Priya & Sam,one_on_one
Ivan Davis - Interview,interview
External: SkyLine Sync,client
2025 Design Review,workshop
[DevOps] Daily,standup
HR Daily,standup
Q4 v2 Planning,planning
Bob Moore (BrightEdge) Intro,client
Recruiter Screen: Bob,interview
Annual Eng Offsite,workshop
Debrief: Tara PM Interview,interview
Ops Sprint Planning,planning
Ivan Thomas (OpenPath) Call,client
v2 Scrum 11/01,standup
v2 Scrum W22,standup
2024 Workshop,workshop
George <> Quinn,one_on_one
Career Chat: Xiang,one_on_one
Casey Moore (DataBridge) Call,client
Morning Standup,standup
H2 OKR Review,planning
[All Hands] 2024-12-03,all_hands
HM Interview: Sam,interview
DevOps Offsite,workshop
Interview: Diana - Final,interview
[Interview] Riley Brown - Product,interview
Sales Backlog Grooming,planning
Morning Security Standup,standup
Product All Hands,all_hands
Morgan Garcia | Final Round,interview
Bob Brown (RetailCo) Call,client
External: BrightEdge Call,client
Priya Davis (BrightEdge) Intro,client
Product Brainstorm: Horizon,workshop
Backend Celebration,social
CloudNine Partnership Call,client
CloudNine Call,client
Yusuf Chen (SkyLine) Call,client
George Phone Screen,interview
Daily Standup,standup
Ethan System Design,interview
Weekly 1:1 Bob,one_on_one
Marketing OKR Check-in,planning
Account SkyLine Call,client
Product Town Hall - Q2 2025,all_hands
Sales Daily,standup
L&L: Q1,workshop
DSU,standup
POC Scrum,standup
NetCore Onboarding,client
Manager 1:1,one_on_one
Product Working Session,workshop
Hiring Manager Interview: Taylor,interview
DevOps All-Hands (08/01),all_hands
Account BrightEdge Call,client
Nina x Priya,one_on_one
PI Planning - OKR,planning
Security Cooking Class,social
DevOps / Ops Standup,standup
Engineering Town Hall,all_hands
Lunch & Learn,workshop
DataBridge Onboarding Q2,client
v2 Hackathon,workshop
Hiring Manager Interview: Omar,interview
EduBase Forge Update,client
Sales standup (Q2),standup
Ethan Garcia | Interview,interview
QBR,client
[All Hands] 09/29,all_hands
Sales All Hands - Mar 20,all_hands
Customer EduBase Call,client
Vega Scrum 11/17,standup
ML DSU W14,standup
R&D Daily Standup,standup
[Social] Security Gathering,social
Daily Scrum,standup
Alex <> Jordan (W52),one_on_one
Marketing Paint Night,social
Forge Launch All Hands,all_hands
Marketing Team Lunch,social
Platform Team Outing,social
Career Chat: Marcus,one_on_one
L&L: Horizon,workshop
[1:1] Victor - Xiang,one_on_one
Sales Interview: Kevin Johnson,interview
Growth Social Q2,social
Marketing Interview: Alice Davis,interview
ML Interview: Hannah Johnson,interview
Sync: Diana / Riley,one_on_one
HR All-Hands (02/15),all_hands
Design Sprint Planning,planning
Marcus Lee (BrightEdge) Call,client
[All Hands] 2024-10-08,all_hands
Xiang & Quinn,one_on_one
SkyLine POC Kickoff,client
1on1 - Zoe,one_on_one
Wendy Behavioral Interview,interview
Eng Standup - W29,standup
Dev Standup,standup
Design Backlog Grooming,planning
Ivan Farewell Party,social
[Interview] Carlos Johnson - Data,interview
EduBase Alpha Update,client
Eng Standup - 2024-03-11,standup
Sync: Alex / Omar,one_on_one
EduBase Partnership Call,client
Carlos 1:1,one_on_one
Org All Hands,all_hands
Acme Onboarding Jul 14,client
Weekly Ops Check-in,standup
Hiring Manager Interview: Ivan,interview
[2025] Sprint Planning,planning
[1:1] Ivan - Victor,one_on_one
Ivan & Omar,one_on_one
Ops Standup,standup
EOD Ops Sync,standup
Debrief: Riley PM Interview,interview
Design Interview: Morgan Martinez,interview
MVP Architecture Review,workshop
Interview: Ethan - Onsite,interview
Q3 Architecture Review,workshop
Quarterly All Hands,all_hands
POC Scrum Q2,standup
GlobalTech Sales Call,client
[Interview] Victor Martinez - Data,interview
Yusuf x Wendy,one_on_one
Victor Martinez | Interview,interview
Growth Celebration,social
Quinn Thomas - Interview,interview
Data Planning,planning
[Workshop] Ops x Security,workshop
HR Roadmap 01/22,planning
Helix Design Sprint,workshop
Interview: Xiang - Technical,interview
Design Interview: Victor Kim,interview
Acme Phoenix Update,client
Apex Launch All Hands,all_hands
Career Chat: Casey,one_on_one
Growth DSU 07/31,standup
GlobalTech x Ops Sync,client
Infra Backlog Grooming,planning
L&L: v2,workshop
Catch up: Rachel & Uma,one_on_one
Ivan x Tara,one_on_one
Growth All-Hands (W30),all_hands
Phoenix Daily Standup,standup
RetailCo Call,client
Ethan Technical Screen,interview
1on1 - Nina,one_on_one
Marketing Sync,standup
Product standup (03/21),standup
Quinn 1:1,one_on_one
HM Interview: Jordan,interview
Legal Town Hall - Q1 2025,all_hands
Marketing Brainstorm: Horizon,workshop
Finance Workshop,workshop
PI Planning - Helix,planning
End of Year Party,social
Alice Thomas Interview,interview
NetCore Renewal Discussion,client
Weekly Marketing Sync,standup
Weekly: Wendy / Nina,one_on_one
ML Cooking Class,social
Debrief: Ivan PM Interview,interview
Hiring: Quinn Smith (DS),interview
Atlas Design Review,workshop
Backend Brainstorm: 2025,workshop
1-1: Morgan & Ethan,one_on_one
Xiang Davis <> Carlos Taylor,one_on_one
1on1 - Uma,one_on_one
RetailCo x ML Sync,client
Infra Daily,standup
Q3 Milestone Planning,planning
Company-wide Meeting,all_hands
Alex 1:1,one_on_one
Fatima x Kevin,one_on_one
Alex Johnson | Interview,interview
Acme Onboarding,client
H2 Roadmap,planning
Jordan Lee Interview,interview
Security Stand-up,standup
Legal Deep Dive - Nova,workshop
Ops Town Hall - Q4 2025,all_hands
ML Roadmap 2024-10-22,planning
Sales Interview: Taylor Moore,interview
Sales Roadmap,planning
Yusuf Behavioral Interview,interview
Alpha Milestone Check,planning
1on1 - Yusuf,one_on_one
Q2 Design Review,workshop
Alice <> Carlos (Jan 07),one_on_one
HR Town Hall - Q4 2025,all_hands
Rachel <> Morgan,one_on_one
NetCore Partnership Review,client
Q3 Milestone Review,planning
Backend Brainstorm: 2024,workshop
Rachel x Ivan,one_on_one
FinServ Renewal Discussion,client
Welcome Drinks,social
QA Strategy - 2024-06-06,planning
ML Bowling,social
ML All-Hands (W50),all_hands
EduBase POC Kickoff,client
1on1 - Morgan,one_on_one
Catch up: George & Kevin,one_on_one
DataBridge Onboarding 2024-06-20,client
[Workshop] DevOps x Design,workshop
[All Hands] W34,all_hands
Victor - Take-home Review,interview
Interview: Priya - Onsite,interview
Tara System Design,interview
Ops / Engineering Standup,standup
Platform Sprint Review,planning
[Client] DataBridge Review,client
[Workshop] Platform x Backend,workshop
Tara Anderson <> Rachel Garcia,one_on_one
Infra Town Hall,all_hands
BrightEdge Renewal Discussion,client
v2 v2 Planning,planning
1:1 Fatima / Laura,one_on_one
ML DSU 2024-03-21,standup
Sam x Alex,one_on_one
Weekly 1:1 Casey,one_on_one
Customer DataBridge Sync,client
Dev Standup - 2024-11-21,standup
Summer Party,social
Q1 Scrum Jan 27,standup
Marketing Strategy - Q3,planning
DataBridge Monthly Review,client
L&L: v3,workshop
Platform All-Hands (2024-11-16),all_hands
Acme Monthly Review,client
Dev Standup - 02/29,standup
Laura Davis | Interview,interview
Eng Town Hall 2024-11-14,all_hands
[Workshop] QA x HR,workshop
Alice & Xiang,one_on_one
Taylor Behavioral Interview,interview
Hannah / Bob,one_on_one
Catch up: Quinn & George,one_on_one
Uma Moore <> Zoe Anderson,one_on_one
Coffee: Tara & Fatima,social
Account HealthFirst Sync,client
SkyLine Zephyr Update,client
Infra Sync,standup
Casey Check-in,one_on_one
L&L: Nexus,workshop
Interview: Jordan - Round 2,interview
Victor Farewell Party,social
Sam Check-in,one_on_one
1-1: Carlos & Zoe,one_on_one
Forge Sprint Sync,standup
Julia & Rachel,one_on_one
External: OpenPath Call,client
Phoenix Sprint Sync,standup
Fatima Chen | Interview,interview
Security Roadmap Q4,planning
Laura Brown (GlobalTech) Intro,client
Debrief: Yusuf PM Interview,interview
Priya x Nina,one_on_one
QA Team Lunch,social
Engineering DSU,standup
Coffee: Carlos & Fatima,social
[Titan] Sprint Planning,planning
Uma - Virtual Onsite,interview
[Atlas] Sprint Planning,planning
Annual Marketing Planning,planning
Q4 OKR Review,planning
[Interview] Kevin Davis - Product,interview
1:1 Carlos / Jordan,one_on_one
FinServ Sales Call,client
Sam Chen | Round 1,interview
Product Town Hall - Q3 2025,all_hands
Data All-Hands (2024-06-13),all_hands
Sync: Marcus / Sam,one_on_one
Zoe Behavioral Interview,interview
HM Interview: Zoe,interview
Yusuf Anderson - Interview,interview
Sales All-Hands (May 13),all_hands
Casey / Xiang,one_on_one
Coffee: Bob & Alex,social
HR Company Meeting,all_hands
Q3 Scrum Q4,standup
OpenPath Partnership Review,client
[Interview] Carlos Johnson - Product,interview
Victor Taylor (NetCore) Call,client
Atlas Roadmap,planning
Career Chat: Ivan,one_on_one
Q4 Design Sprint,workshop
Hiring: Jordan Kim (SWE),interview
Eng Standup - Q1,standup
Alpha Hackathon,workshop
Alpha Design Review,workshop
[Social] Marketing Gathering,social
BrightEdge POC Kickoff,client
[Data] Daily,standup
Quarterly Legal Offsite,workshop
Weekly Eng Sync,standup
Weekly Town Hall,all_hands
L&L:,workshop
Helix Hackathon,workshop
Finance Roadmap,planning
Platform Coffee Chat,social
Monthly Security Planning,planning
Data Backlog Grooming,planning
Alice - Virtual Onsite,interview
Victor <> Alice,one_on_one
Wendy x Wendy,one_on_one
Engineering Roadmap Review,planning
[ML] Daily,standup
Q2 Launch All Hands,all_hands
Alex <> Casey (Oct 20),one_on_one
EOD Backend Sync,standup
Eng Standup - 2024-04-09,standup
Product Company Meeting,all_hands
QA All Hands,all_hands
Carlos Behavioral Interview,interview
HR Offsite W44,workshop
Coffee: Diana & George,social
Product Sprint Review,planning
Frontend Sprint Retro,planning
Customer HealthFirst Sync,client
DevOps Bowling,social
EduBase Renewal Discussion,client
[Frontend] Daily,standup
Marcus & Morgan,one_on_one
Nova Design Review,workshop
Catch up: Laura & Fatima,one_on_one
External: RetailCo Sync,client
[All Hands] W08,all_hands
Debrief: Laura SWE Interview,interview
[1:1] Rachel - Alex,one_on_one
Dev Standup - May 08,standup
Morgan Farewell Party,social
Growth Social,social
Eng Standup - 2024-12-19,standup
Morning Sales Sync,standup
BrightEdge x Design Sync,client
[All Hands] 2024-02-09,all_hands
SWE Interview: Quinn Brown,interview
HM Interview: Fatima,interview
CloudNine Partnership Discussion,client
Training: Python,workshop
Scrum - Growth,standup
[All Hands] 2024-10-22,all_hands
Frontend Sprint Planning,planning
HealthFirst Alpha Update,client
Fatima & Rachel,one_on_one
Design Bowling,social
[Workshop] QA x Marketing,workshop
Q4 Architecture Review,workshop
Training: Leadership,workshop
Infra Social,social
L&L: Atlas,workshop
Quinn Farewell Lunch,social
Weekly: Riley / Julia,one_on_one
[1:1] Nina - Riley,one_on_one
DevOps DSU 2024-10-30,standup
[Interview] Hannah Martinez - Product,interview
CloudNine Check-in,client
Hiring Committee Review,interview
1-1: Wendy & Nina,one_on_one
Remote Social,social
Account CloudNine Sync,client
Security Sprint Planning,planning
Riley Thomas <> George Thomas,one_on_one
HR All-Hands (Dec 03),all_hands
Quinn x Riley,one_on_one
Sales Social 09/07,social
Debrief: Uma PM Interview,interview
Design Standup,standup
Quarterly Platform Offsite,workshop
1-1: Morgan & Wendy,one_on_one
[All Hands] W44,all_hands
Scrum - Product,standup
Weekly 1:1 Zoe,one_on_one
Hiring Manager Interview: Fatima,interview
Company Update,all_hands
Security Working Session,workshop
Ops Strategy - 02/02,planning
Pulse Launch All Hands,all_hands
Xiang & Zoe,one_on_one
EduBase Onboarding,client
Kevin <> Hannah (07/06),one_on_one
Frontend Interview: Hannah,interview
Q2 All Hands,all_hands
Frontend Town Hall - Q2 2024,all_hands
FinServ Weekly Sync,client
1-1: Casey & Wendy,one_on_one
Tara & Fatima,one_on_one
Birthday Celebration,social
Debrief: Fatima PM Interview,interview
Hannah - Virtual Onsite,interview
Atlas Launch All Hands,all_hands
POC Planning,planning
Quinn Davis (BrightEdge) Intro,client
Debrief: Priya SWE Interview,interview
Marketing Daily,standup
CloudNine Partnership Review,client
Data Celebration,social
Marketing / Legal Standup,standup
Strategy Workshop - Eng,workshop
Recruiter Screen: Riley,interview
HM Interview: Marcus,interview
Priya / Sam,one_on_one
Sales Town Hall,all_hands
Uma Smith - Interview,interview
Weekly: Sam / Tara,one_on_one
Eng Standup - W12,standup
Daily Sales Sync,standup
Hiring Manager Interview: Xiang,interview
1-1: Riley & Laura,one_on_one
Riley Johnson | Round 2,interview
Morgan <> Alice (2024-01-05),one_on_one
Forge Scrum,standup
[Client] EduBase Call,client
Catch up: Rachel & Ethan,one_on_one
Carlos x Taylor,one_on_one
Quarterly QA Offsite,workshop
[1:1] Morgan - Nina,one_on_one
Finance Strategy - Feb 01,planning
Debrief: Xiang PM Interview,interview
Xiang Check-in,one_on_one
Coffee: Diana & Xiang,social
R&D Design Review,workshop
Beta Launch All Hands,all_hands
[1:1] Hannah - Taylor,one_on_one
Weekly: Sam / Kevin,one_on_one
Bob x Nina,one_on_one
CloudNine POC Review,client
Weekly: Hannah / Hannah,one_on_one
Zoe Chen | Round 1,interview
1-1: Ethan & Carlos,one_on_one
Acme Intro Call,client
Finance Deep Dive,workshop
Kevin - Onsite,interview
SkyLine — Product Review,client
EduBase Titan Update,client
1-1: Xiang & Kevin,one_on_one
Growth Deep Dive,workshop
Xiang Moore Interview,interview
[Client] DataBridge Sync,client
PI Planning - Horizon,planning
Platform Offsite Q2,workshop
Nexus Daily Standup,standup
ML Volunteering,social
EduBase x Backend Sync,client
[All Hands] May 23,all_hands
Frontend standup (Q4),standup
Engineering Social Q4,social
Engineering Cooking Class,social
Nexus Scrum Apr 25,standup
Apex Daily Standup,standup
Design DSU,standup
[Interview] Kevin Brown - Eng,interview
ML Town Hall - Q4 2024,all_hands
FinServ POC Kickoff,client
Zephyr Brainstorm,workshop
Forge Roadmap,planning
DataBridge Call,client
Design / Infra Standup,standup
Weekly: Kevin / Uma,one_on_one
Infra standup (W09),standup
Backend Backlog Grooming,planning
Scrum - Legal,standup
1-1: Carlos & Alex,one_on_one
QA DSU 01/09,standup
Priya 1:1,one_on_one
POC Sprint Daily,standup
Yusuf Farewell Drinks,social
Leadership AMA,all_hands
Wendy - Onsite,interview
Eng Celebration,social
DataBridge x Data Sync,client
Frontend Deep Dive - Titan,workshop
Laura Moore (Acme) Intro,client
Sam x Wendy,one_on_one
[Social] Infra Gathering,social
Bob Behavioral Interview,interview
Knowledge Share,workshop
QA Planning - W41,planning
Eng Sprint Review,planning
Recruiter Screen: Ethan,interview
Bob Farewell Drinks,social
Capacity Planning,planning
Tara Brown | Technical Round,interview
Dev Standup - 10/07,standup
Forge Kickoff,planning
Product Planning,planning
Orion v2 Planning,planning
[Workshop] Legal x Data,workshop
GlobalTech Onboarding,client
Sync: Taylor / Zoe,one_on_one
Legal DSU 2024-09-04,standup
HealthFirst Weekly Sync,client
QA Sprint Retro,planning
OpenPath x ML Sync,client
OKR Milestone Planning,planning
Security Volunteering,social
Company All Hands - 2024-02-03,all_hands
Data Sprint Retro,planning
Ethan Brown <> Taylor Davis,one_on_one
[Alpha] Sprint Planning,planning
PI Planning - Zephyr,planning
Zoe 1:1,one_on_one
Hiring: Jordan Anderson (Staff),interview
Growth OKR Planning,planning
Annual Company Meeting,all_hands
Laura / Uma,one_on_one
OpenPath Monthly Review,client
Catch up: Ethan & Priya,one_on_one
Nina Farewell Drinks,social
Hannah Coding Interview,interview
Legal standup (Nov 04),standup
Team Standup - Feb 11,standup
Eng Standup,standup
RetailCo POC Update,client
Diana Behavioral Interview,interview
Orion Milestone Check,planning
Design standup (07/12),standup
Annual Growth Offsite,workshop
Legal All-Hands (08/15),all_hands
1:1 Fatima / Victor,one_on_one
Uma Farewell Drinks,social
Design Workshop,workshop
Annual QA Planning,planning
Bob Phone Screen,interview
Legal Strategy - 2024-01-25,planning
Sales Stand-up,standup
Rachel Patel | Round 1,interview
Catch up: Priya & Zoe,one_on_one
SWE Interview: Zoe Moore,interview
Interview: Yusuf - Final,interview
RetailCo Onboarding Q3,client
DevOps Social,social
Ops Daily,standup
Finance / Ops Standup,standup
Tara Technical Screen,interview
Sales Interview: Morgan Chen,interview
[Workshop] ML x Growth,workshop
[Workshop] Legal x Engineering,workshop
HM Interview: Casey,interview
1on1 - Ivan,one_on_one
Ethan Kim | Round 1,interview
Marcus x Laura,one_on_one
v2 Architecture Review,workshop
Weekly: Priya / Julia,one_on_one
[Workshop] DevOps x Backend,workshop
Marketing Town Hall - Q1 2025,all_hands
RetailCo Onboarding Q4,client
R&D Hackathon,workshop
GlobalTech Review,client
Casey 1:1,one_on_one
[All Hands] Jun 03,all_hands
Monthly ML Planning,planning
[1:1] Quinn - Sam,one_on_one
Sales Offsite Dinner,social
DevOps Strategy - Q4,planning
Sam / Bob,one_on_one
Data Brainstorm: Zephyr,workshop
PI Planning - 2024,planning
Forge Architecture Review,workshop
SkyLine Onboarding,client
[Marketing] Daily,standup
Innovation Workshop,workshop
MVP Design Review,workshop
External: GlobalTech Call,client
POC Launch All Hands,all_hands
Bob & Ethan,one_on_one
[1:1] Riley - Diana,one_on_one
Design Sprint,workshop
Product All Hands - Q4,all_hands
AMA Session,all_hands
Daily Growth Sync,standup
Quinn - Take-home Review,interview
DevOps standup (Oct 16),standup
v2 Sprint Sync,standup
PI Planning,planning
Casey Taylor - Interview,interview
Q3 All Hands,all_hands
L&L: Phoenix,workshop
OpenPath Kickoff,client
Ethan Johnson (RetailCo) Intro,client
Product Sprint Planning,planning
Design OKR Check-in,planning
EOD HR Sync,standup
Platform All Hands,all_hands
Marketing Deep Dive - Vega,workshop
1-1: Alice & Omar,one_on_one
OpenPath Pulse Update,client
Frontend Backlog Grooming,planning
Frontend standup (Jan 24),standup
Weekly Company Sync,all_hands
Annual Town Hall,all_hands
Ops All Hands,all_hands
AM Sync,standup
Sales Town Hall - Q1 2024,all_hands
Security All-Hands (11/26),all_hands
GlobalTech Onboarding Q2,client
George & Ivan,one_on_one
Recruiter Screen: Diana,interview
Hackathon,workshop
Marketing DSU 2024-04-07,standup
1:1 Nina / Alice,one_on_one
v3 v2 Planning,planning
[Nexus] Sprint Planning,planning
Interview: Morgan - Round 1,interview
Victor & Kevin,one_on_one
ML Offsite,workshop
Omar / Alex,one_on_one
Fireside Chat,all_hands
Marketing standup (W15),standup
Data All-Hands (2024-04-08),all_hands
Interview: Riley - Round 1,interview
Infra Deep Dive - Helix,workshop
Vega Launch All Hands,all_hands
Uma Davis (CloudNine) Intro,client
Recruiter Screen: George,interview
Catch up: Uma & Morgan,one_on_one
Catch up: Marcus & Taylor,one_on_one
Interview: Kevin - Round 1,interview
Finance Roadmap 2024-08-27,planning
HR / Engineering Standup,standup
Xiang - Onsite,interview
Titan Sprint Daily,standup
OpenPath Onboarding,client
Phoenix Architecture Review,workshop
HM Interview: Rachel,interview
[Interview] Carlos Garcia - Data,interview
Xiang Martinez | Technical Round,interview
Design Interview: Marcus Taylor,interview
Recruiter Screen: Julia,interview
Annual Platform Offsite,workshop
Ivan Technical Screen,interview
Ops Tea Time,social
Product Standup,standup
Morning Design Sync,standup
Sync: Hannah / Diana,one_on_one
Ethan 1:1,one_on_one
Tara Check-in,one_on_one
Frontend Workshop,workshop
Ops OKR Check-in,planning
Helix Launch All Hands,all_hands
[Eng] Daily,standup
Training: Security,workshop
Carlos Chen Interview,interview
Client Onboarding,client
Data Offsite,workshop
Acme Review,client
Backend Deep Dive,workshop
Interview: George - Onsite,interview
NetCore Intro Call,client
Alice Check-in,one_on_one
[1:1] Ivan - Tara,one_on_one
SkyLine — Executive Review,client
ML Planning,planning
Hiring Manager Interview: Rachel,interview
[Social] Product Gathering,social
Product / Eng Standup,standup
Coffee: Wendy & Victor,social
Weekly: Carlos / Xiang,one_on_one
Carlos Lee - Interview,interview
Design Tea Time,social
Ethan Behavioral Interview,interview
Annual HR Offsite,workshop
Training: Agile,workshop
Weekly 1:1 Sam,one_on_one
Design Interview: Hannah,interview
Debrief: Sam PM Interview,interview
Kevin Brown - Interview,interview
QA Sprint Kickoff,planning
Security Deep Dive,workshop
External: GlobalTech Sync,client
Rachel & Yusuf,one_on_one
[Workshop] HR x Growth,workshop
External: HealthFirst Sync,client
CloudNine Review,client
Zoe Thomas (HealthFirst) Call,client
Fatima Martinez <> Xiang Kim,one_on_one
Hannah - Take-home Review,interview
Casey Taylor (CloudNine) Call,client
Taylor x George,one_on_one
Weekly 1:1 Tara,one_on_one
RetailCo Check-in,client
Infra Offsite,workshop
Morgan - Onsite,interview
Go-to-Market Planning,planning
Infra Social Q4,social
Sync: Tara / Ivan,one_on_one
Legal Social 2024-07-12,social
Coffee: Rachel & Kevin,social
Engineering Strategy - 2024-09-14,planning
DevOps Roadmap 2024-09-20,planning
Catch up: Wendy & Bob,one_on_one
Q3 v2 Planning,planning
Morning ML Sync,standup
1:1 Rachel / Fatima,one_on_one
Team Standup - 2024-06-08,standup
Marketing Brainstorm: Q3,workshop
Product Daily,standup
DS,standup
Strategy Workshop,workshop
Nina Smith <> Diana Taylor,one_on_one
HR Town Hall - Q1 2025,all_hands
Ops Social Q4,social
Sam Behavioral Interview,interview
Morgan 1:1,one_on_one
HealthFirst Partnership Discussion,client
Backend standup (W31),standup
Catch up: Laura & Uma,one_on_one
External: OpenPath Sync,client
Ops Town Hall - Q3 2025,all_hands
Growth Town Hall,all_hands
Quinn Martinez <> Tara Patel,one_on_one
Frontend Stand Up,standup
Client FinServ Call,client
Recruiter Screen: Kevin,interview
Engineering Tea Time,social
Weekly Platform Check-in,standup
Board All Hands,all_hands
External: CloudNine Sync,client
Backend Sprint Planning,planning
Data Town Hall,all_hands
Ops Offsite W18,workshop
Bob x Diana,one_on_one
Sales / Frontend Standup,standup
Sync: Julia / Marcus,one_on_one
Taylor Martinez | Round 2,interview
1on1 - Taylor,one_on_one
Career Chat: Riley,one_on_one
FinServ Q2 Update,client
Onboarding Lunch,social
Hiring Manager Interview: Ethan,interview
Apex Milestone Review,planning
MVP Scrum,standup
Atlas v2 Planning,planning
Customer Discovery,client
HM Interview: Ivan,interview
Yusuf x Tara,one_on_one
GlobalTech Partnership Call,client
Frontend Planning,planning
v3 Sprint Sync,standup
[Social] Backend Hangout,social
Backend Daily W49,standup
HR Social,social
1on1 - Hannah,one_on_one
Backend Team Outing,social
Interview: Carlos - Onsite,interview
Incident Review,workshop
ML Standup,standup
Eng Town Hall,all_hands
Ops standup (08/08),standup
Sales Working Session,workshop
[All Hands] W16,all_hands
Kevin x Morgan,one_on_one
Finance Town Hall,all_hands
QA Planning - Oct 03,planning
Interview: Taylor - Round 2,interview
DevOps Town Hall W22,all_hands
Ops Roadmap Review,planning
GlobalTech Onboarding Dec 03,client
George Lee <> Alex Moore,one_on_one
Coffee: Ethan & Yusuf,social
Backend Planning - W06,planning
Quarterly Social,social
[Client] BrightEdge Call,client
Ivan Patel | Round 2,interview
Jordan & Marcus,one_on_one
Echo Daily Standup,standup
ML Daily,standup
Hiring Manager Interview: George,interview
Wendy Thomas (EduBase) Intro,client
Platform DSU Q3,standup
1:1 George / George,one_on_one
Growth Brainstorm: POC,workshop
[1:1] Kevin - Jordan,one_on_one
Marketing Interview: Taylor Brown,interview
Finance DSU 08/19,standup
RetailCo Kickoff,client
Hiring: Taylor Lee (Senior),interview
Data Daily W40,standup
Wendy Check-in,one_on_one
Legal All-Hands (Oct 16),all_hands
Platform Town Hall - Q1 2025,all_hands
Platform Roadmap Review,planning
Diana x Zoe,one_on_one
Ethan / Casey,one_on_one
